Timestamp,Event,Device,Brand
2026-02-20 03:32:24,add_to_chain,Allen & Heath CDM48 (Dante128x128) (96kHz),Allen
2026-02-20 03:32:27,add_to_chain,Allen & Heath dLive MixRack (High Density),Allen
2026-02-20 03:32:27,add_to_chain,Allen & Heath dLive MixRack (High Density),Allen
2026-02-20 03:32:28,add_to_chain,Allen & Heath dLive MixRack (High Density),Allen
2026-02-20 03:33:57,add_to_chain,Shure AD4D (ADX1),Shure
2026-02-20 03:33:58,add_to_chain,Allen & Heath CDM48 (Dante128x128) (96kHz),Allen
2026-02-20 03:33:58,add_to_chain,Allen & Heath CDM48 (Dante128x128) (96kHz),Allen
2026-02-20 03:33:58,add_to_chain,Allen & Heath CDM48 (Dante128x128) (96kHz),Allen
2026-02-20 03:33:58,add_to_chain,Allen & Heath CDM48 (Dante128x128) (96kHz),Allen
2026-02-20 03:33:58,add_to_chain,Allen & Heath CDM48 (Dante128x128) (96kHz),Allen
2026-02-20 03:33:59,add_to_chain,Allen & Heath CDM48 (Dante128x128) (96kHz),Allen
2026-02-20 03:33:59,add_to_chain,Allen & Heath CDM48 (Dante128x128) (96kHz),Allen
2026-02-20 03:33:59,add_to_chain,Allen & Heath CDM48 (Dante128x128) (96kHz),Allen
2026-02-20 03:34:10,add_to_chain,Shure AD4D (ADX1),Shure
2026-02-20 03:34:10,add_to_chain,Shure AD4D (ADX1),Shure
2026-02-20 03:34:10,add_to_chain,Shure AD4D (ADX1),Shure
2026-02-20 03:34:10,add_to_chain,Shure AD4D (ADX1),Shure
2026-02-20 03:34:10,add_to_chain,Shure AD4D (ADX1),Shure
2026-02-20 03:34:10,add_to_chain,Shure AD4D (ADX1),Shure
2026-02-20 03:34:10,add_to_chain,Shure AD4D (ADX1),Shure
2026-02-20 03:34:10,add_to_chain,Shure AD4D (ADX1),Shure
2026-02-20 03:34:10,add_to_chain,Shure AD4D (ADX1),Shure
2026-02-20 03:34:10,add_to_chain,Shure AD4D (ADX1),Shure
2026-02-20 03:34:10,add_to_chain,Shure AD4D (ADX1),Shure
2026-02-20 03:34:10,add_to_chain,Shure AD4D (ADX1),Shure
2026-02-20 03:34:10,add_to_chain,Shure AD4D (ADX1),Shure
2026-02-20 03:34:10,add_to_chain,Shure AD4D (ADX1),Shure
2026-02-20 03:34:10,add_to_chain,Shure AD4D (ADX1),Shure
2026-02-20 03:34:10,add_to_chain,Shure AD4D (ADX1),Shure
2026-02-20 03:34:10,add_to_chain,Shure AD4D (ADX1),Shure
2026-02-20 03:34:10,add_to_chain,Shure AD4D (ADX1),Shure
2026-02-20 03:34:10,add_to_chain,Shure AD4D (ADX1),Shure
2026-02-20 03:34:10,add_to_chain,Shure AD4D (ADX1),Shure
2026-02-20 03:34:10,add_to_chain,Shure AD4D (ADX1),Shure
2026-02-20 03:34:10,add_to_chain,Shure AD4D (ADX1),Shure
2026-02-20 03:34:10,add_to_chain,Shure AD4D (ADX1),Shure
2026-02-20 03:34:10,add_to_chain,Shure AD4D (ADX1),Shure
2026-02-20 03:34:10,add_to_chain,Shure AD4D (ADX1),Shure
2026-02-20 03:34:10,add_to_chain,Shure AD4D (ADX1),Shure
2026-02-20 03:34:10,add_to_chain,Shure AD4D (ADX1),Shure
2026-02-20 03:34:10,add_to_chain,Shure AD4D (ADX1),Shure
2026-02-20 03:34:10,add_to_chain,Shure AD4D (ADX1),Shure
2026-02-20 03:34:10,add_to_chain,Shure AD4D (ADX1),Shure
2026-02-20 03:34:10,add_to_chain,Shure AD4D (ADX1),Shure
2026-02-20 03:34:10,add_to_chain,Shure AD4D (ADX1),Shure
2026-02-20 03:34:10,add_to_chain,Shure AD4D (ADX1),Shure
2026-02-20 03:34:10,add_to_chain,Shure AD4D (ADX1),Shure
2026-02-20 03:34:10,add_to_chain,Shure AD4D (ADX1),Shure
2026-02-20 03:34:10,add_to_chain,Shure AD4D (ADX1),Shure
2026-02-20 03:34:10,add_to_chain,Shure AD4D (ADX1),Shure
2026-02-20 03:34:10,add_to_chain,Shure AD4D (ADX1),Shure
2026-02-20 03:34:10,add_to_chain,Shure AD4D (ADX1),Shure
2026-02-20 03:34:10,add_to_chain,Shure AD4D (ADX1),Shure
2026-02-20 03:34:10,add_to_chain,Shure AD4D (ADX1),Shure
2026-02-20 03:34:10,add_to_chain,Shure AD4D (ADX1),Shure
2026-02-20 03:34:10,add_to_chain,Shure AD4D (ADX1),Shure
2026-02-20 03:34:10,add_to_chain,Shure AD4D (ADX1),Shure
2026-02-20 03:34:10,add_to_chain,Shure AD4D (ADX1),Shure
2026-02-20 03:34:10,add_to_chain,Shure AD4D (ADX1),Shure
2026-02-20 03:34:10,add_to_chain,Shure AD4D (ADX1),Shure
2026-02-20 03:34:10,add_to_chain,Shure AD4D (ADX1),Shure
2026-02-20 03:34:10,add_to_chain,Shure AD4D (ADX1),Shure
2026-02-20 03:34:10,add_to_chain,Shure AD4D (ADX1),Shure
2026-02-20 03:34:10,add_to_chain,Shure AD4D (ADX1),Shure
2026-02-20 03:34:10,add_to_chain,Shure AD4D (ADX1),Shure
2026-02-20 03:34:10,add_to_chain,Shure AD4D (ADX1),Shure
2026-02-20 03:34:10,add_to_chain,Shure AD4D (ADX1),Shure
2026-02-20 03:34:10,add_to_chain,Shure AD4D (ADX1),Shure
2026-02-20 03:34:10,add_to_chain,Shure AD4D (ADX1),Shure
2026-02-20 03:34:10,add_to_chain,Shure AD4D (ADX1),Shure
2026-02-20 03:34:10,add_to_chain,Shure AD4D (ADX1),Shure
2026-02-20 03:34:10,add_to_chain,Shure AD4D (ADX1),Shure
2026-02-20 03:34:10,add_to_chain,Shure AD4D (ADX1),Shure
2026-02-20 03:34:10,add_to_chain,Shure AD4D (ADX1),Shure
2026-02-20 03:34:10,add_to_chain,Shure AD4D (ADX1),Shure
2026-02-20 03:34:10,add_to_chain,Shure AD4D (ADX1),Shure
2026-02-20 03:34:10,add_to_chain,Shure AD4D (ADX1),Shure
2026-02-20 03:34:10,add_to_chain,Shure AD4D (ADX1),Shure
2026-02-20 03:34:10,add_to_chain,Shure AD4D (ADX1),Shure
2026-02-20 03:34:10,add_to_chain,Shure AD4D (ADX1),Shure
2026-02-20 03:34:10,add_to_chain,Shure AD4D (ADX1),Shure
2026-02-20 03:34:10,add_to_chain,Shure AD4D (ADX1),Shure
2026-02-20 03:34:10,add_to_chain,Shure AD4D (ADX1),Shure
2026-02-20 03:34:10,add_to_chain,Shure AD4D (ADX1),Shure
2026-02-20 03:34:10,add_to_chain,Shure AD4D (ADX1),Shure
2026-02-20 03:34:10,add_to_chain,Shure AD4D (ADX1),Shure
2026-02-20 03:34:10,add_to_chain,Shure AD4D (ADX1),Shure
2026-02-20 03:34:10,add_to_chain,Shure AD4D (ADX1),Shure
2026-02-20 03:34:10,add_to_chain,Shure AD4D (ADX1),Shure
2026-02-20 03:34:10,add_to_chain,Shure AD4D (ADX1),Shure
2026-02-20 03:34:10,add_to_chain,Shure AD4D (ADX1),Shure
2026-02-20 03:34:10,add_to_chain,Shure AD4D (ADX1),Shure
2026-02-20 03:34:10,add_to_chain,Shure AD4D (ADX1),Shure
2026-02-20 03:34:10,add_to_chain,Shure AD4D (ADX1),Shure
2026-02-20 03:34:10,add_to_chain,Shure AD4D (ADX1),Shure
2026-02-20 03:34:10,add_to_chain,Shure AD4D (ADX1),Shure
2026-02-20 03:34:10,add_to_chain,Shure AD4D (ADX1),Shure
2026-02-20 03:34:10,add_to_chain,Shure AD4D (ADX1),Shure
2026-02-20 03:34:10,add_to_chain,Shure AD4D (ADX1),Shure
2026-02-20 03:34:10,add_to_chain,Shure AD4D (ADX1),Shure
2026-02-20 03:34:10,add_to_chain,Shure AD4D (ADX1),Shure
2026-02-20 03:34:10,add_to_chain,Shure AD4D (ADX1),Shure
2026-02-20 03:34:10,add_to_chain,Shure AD4D (ADX1),Shure
2026-02-20 03:34:10,add_to_chain,Shure AD4D (ADX1),Shure
2026-02-20 03:34:10,add_to_chain,Shure AD4D (ADX1),Shure
2026-02-20 03:34:10,add_to_chain,Shure AD4D (ADX1),Shure
2026-02-20 03:34:10,add_to_chain,Shure AD4D (ADX1),Shure
2026-02-20 03:34:10,add_to_chain,Shure AD4D (ADX1),Shure
2026-02-20 03:34:10,add_to_chain,Shure AD4D (ADX1),Shure
2026-02-20 03:34:10,add_to_chain,Shure AD4D (ADX1),Shure
2026-02-20 03:34:10,add_to_chain,Shure AD4D (ADX1),Shure
2026-02-20 03:34:10,add_to_chain,Shure AD4D (ADX1),Shure
2026-02-20 03:34:10,add_to_chain,Shure AD4D (ADX1),Shure
2026-02-20 03:34:10,add_to_chain,Shure AD4D (ADX1),Shure
2026-02-20 03:34:10,add_to_chain,Shure AD4D (ADX1),Shure
2026-02-20 03:34:10,add_to_chain,Shure AD4D (ADX1),Shure
2026-02-20 03:34:10,add_to_chain,Shure AD4D (ADX1),Shure
2026-02-20 03:34:10,add_to_chain,Shure AD4D (ADX1),Shure
2026-02-20 03:34:10,add_to_chain,Shure AD4D (ADX1),Shure
2026-02-20 03:34:10,add_to_chain,Shure AD4D (ADX1),Shure
2026-02-20 03:34:10,add_to_chain,Shure AD4D (ADX1),Shure
2026-02-20 03:34:10,add_to_chain,Shure AD4D (ADX1),Shure
2026-02-20 03:34:10,add_to_chain,Shure AD4D (ADX1),Shure
2026-02-20 03:34:10,add_to_chain,Shure AD4D (ADX1),Shure
2026-02-20 03:34:10,add_to_chain,Shure AD4D (ADX1),Shure
2026-02-20 03:34:10,add_to_chain,Shure AD4D (ADX1),Shure
2026-02-20 03:34:10,add_to_chain,Shure AD4D (ADX1),Shure
2026-02-20 03:34:10,add_to_chain,Shure AD4D (ADX1),Shure
2026-02-20 03:34:10,add_to_chain,Shure AD4D (ADX1),Shure
2026-02-20 03:34:10,add_to_chain,Shure AD4D (ADX1),Shure
2026-02-20 03:34:10,add_to_chain,Shure AD4D (ADX1),Shure
2026-02-20 03:34:10,add_to_chain,Shure AD4D (ADX1),Shure
2026-02-20 03:34:10,add_to_chain,Shure AD4D (ADX1),Shure
2026-02-20 03:34:10,add_to_chain,Shure AD4D (ADX1),Shure
2026-02-20 03:34:10,add_to_chain,Shure AD4D (ADX1),Shure
2026-02-20 03:34:10,add_to_chain,Shure AD4D (ADX1),Shure
2026-02-20 03:34:10,add_to_chain,Shure AD4D (ADX1),Shure
2026-02-20 03:34:10,add_to_chain,Shure AD4D (ADX1),Shure
2026-02-20 03:34:10,add_to_chain,Shure AD4D (ADX1),Shure
2026-02-20 03:34:10,add_to_chain,Shure AD4D (ADX1),Shure
2026-02-20 03:34:10,add_to_chain,Shure AD4D (ADX1),Shure
2026-02-20 03:34:10,add_to_chain,Shure AD4D (ADX1),Shure
2026-02-20 03:34:10,add_to_chain,Shure AD4D (ADX1),Shure
2026-02-20 03:34:10,add_to_chain,Shure AD4D (ADX1),Shure
2026-02-20 03:34:10,add_to_chain,Shure AD4D (ADX1),Shure
2026-02-20 03:34:10,add_to_chain,Shure AD4D (ADX1),Shure
2026-02-20 03:34:10,add_to_chain,Shure AD4D (ADX1),Shure
2026-02-20 03:34:10,add_to_chain,Shure AD4D (ADX1),Shure
2026-02-20 03:34:10,add_to_chain,Shure AD4D (ADX1),Shure
2026-02-20 03:34:10,add_to_chain,Shure AD4D (ADX1),Shure
2026-02-20 03:34:10,add_to_chain,Shure AD4D (ADX1),Shure
2026-02-20 03:34:10,add_to_chain,Shure AD4D (ADX1),Shure
2026-02-20 03:34:10,add_to_chain,Shure AD4D (ADX1),Shure
2026-02-20 03:34:10,add_to_chain,Shure AD4D (ADX1),Shure
2026-02-20 03:34:10,add_to_chain,Shure AD4D (ADX1),Shure
2026-02-20 03:34:10,add_to_chain,Shure AD4D (ADX1),Shure
2026-02-20 03:34:10,add_to_chain,Shure AD4D (ADX1),Shure
2026-02-20 03:34:10,add_to_chain,Shure AD4D (ADX1),Shure
2026-02-20 03:34:10,add_to_chain,Shure AD4D (ADX1),Shure
2026-02-20 03:34:10,add_to_chain,Shure AD4D (ADX1),Shure
2026-02-20 03:34:10,add_to_chain,Shure AD4D (ADX1),Shure
2026-02-20 03:34:10,add_to_chain,Shure AD4D (ADX1),Shure
2026-02-20 03:34:10,add_to_chain,Shure AD4D (ADX1),Shure
2026-02-20 03:34:10,add_to_chain,Shure AD4D (ADX1),Shure
2026-02-20 03:34:10,add_to_chain,Shure AD4D (ADX1),Shure
2026-02-20 03:34:10,add_to_chain,Shure AD4D (ADX1),Shure
2026-02-20 03:34:10,add_to_chain,Shure AD4D (ADX1),Shure
2026-02-20 03:34:10,add_to_chain,Shure AD4D (ADX1),Shure
2026-02-20 03:34:10,add_to_chain,Shure AD4D (ADX1),Shure
2026-02-20 03:34:10,add_to_chain,Shure AD4D (ADX1),Shure
2026-02-20 03:34:10,add_to_chain,Shure AD4D (ADX1),Shure
2026-02-20 03:34:10,add_to_chain,Shure AD4D (ADX1),Shure
2026-02-20 03:34:10,add_to_chain,Shure AD4D (ADX1),Shure
2026-02-20 03:34:10,add_to_chain,Shure AD4D (ADX1),Shure
2026-02-20 03:34:10,add_to_chain,Shure AD4D (ADX1),Shure
2026-02-20 03:34:10,add_to_chain,Shure AD4D (ADX1),Shure
2026-02-20 03:34:10,add_to_chain,Shure AD4D (ADX1),Shure
2026-02-20 03:34:10,add_to_chain,Shure AD4D (ADX1),Shure
2026-02-20 03:34:10,add_to_chain,Shure AD4D (ADX1),Shure
2026-02-20 03:34:10,add_to_chain,Shure AD4D (ADX1),Shure
2026-02-20 03:34:10,add_to_chain,Shure AD4D (ADX1),Shure
2026-02-20 03:34:10,add_to_chain,Shure AD4D (ADX1),Shure
2026-02-20 03:34:10,add_to_chain,Shure AD4D (ADX1),Shure
2026-02-20 03:34:10,add_to_chain,Shure AD4D (ADX1),Shure
2026-02-20 03:34:10,add_to_chain,Shure AD4D (ADX1),Shure
2026-02-20 03:34:10,add_to_chain,Shure AD4D (ADX1),Shure
2026-02-20 03:34:10,add_to_chain,Shure AD4D (ADX1),Shure
2026-02-20 03:34:10,add_to_chain,Shure AD4D (ADX1),Shure
2026-02-20 03:34:10,add_to_chain,Shure AD4D (ADX1),Shure
2026-02-20 03:34:10,add_to_chain,Shure AD4D (ADX1),Shure
2026-02-20 03:34:10,add_to_chain,Shure AD4D (ADX1),Shure
2026-02-20 03:34:10,add_to_chain,Shure AD4D (ADX1),Shure
2026-02-20 03:34:10,add_to_chain,Shure AD4D (ADX1),Shure
2026-02-20 03:34:10,add_to_chain,Shure AD4D (ADX1),Shure
2026-02-20 03:34:10,add_to_chain,Shure AD4D (ADX1),Shure
2026-02-20 03:34:10,add_to_chain,Shure AD4D (ADX1),Shure
2026-02-20 03:34:10,add_to_chain,Shure AD4D (ADX1),Shure
2026-02-20 03:34:10,add_to_chain,Shure AD4D (ADX1),Shure
2026-02-20 03:34:10,add_to_chain,Shure AD4D (ADX1),Shure
2026-02-20 03:34:10,add_to_chain,Shure AD4D (ADX1),Shure
2026-02-20 03:34:10,add_to_chain,Shure AD4D (ADX1),Shure
2026-02-20 03:34:10,add_to_chain,Shure AD4D (ADX1),Shure
2026-02-20 03:34:10,add_to_chain,Shure AD4D (ADX1),Shure
2026-02-20 03:34:10,add_to_chain,Shure AD4D (ADX1),Shure
2026-02-20 03:34:10,add_to_chain,Shure AD4D (ADX1),Shure
2026-02-20 03:34:10,add_to_chain,Shure AD4D (ADX1),Shure
2026-02-20 03:34:10,add_to_chain,Shure AD4D (ADX1),Shure
2026-02-20 03:34:10,add_to_chain,Shure AD4D (ADX1),Shure
2026-02-20 03:34:10,add_to_chain,Shure AD4D (ADX1),Shure
2026-02-20 03:34:10,add_to_chain,Shure AD4D (ADX1),Shure
2026-02-20 03:34:10,add_to_chain,Shure AD4D (ADX1),Shure
2026-02-20 03:34:10,add_to_chain,Shure AD4D (ADX1),Shure
2026-02-20 03:34:10,add_to_chain,Shure AD4D (ADX1),Shure
2026-02-20 03:34:10,add_to_chain,Shure AD4D (ADX1),Shure
2026-02-20 03:34:10,add_to_chain,Shure AD4D (ADX1),Shure
2026-02-20 03:34:10,add_to_chain,Shure AD4D (ADX1),Shure
2026-02-20 03:34:10,add_to_chain,Shure AD4D (ADX1),Shure
2026-02-20 03:34:10,add_to_chain,Shure AD4D (ADX1),Shure
2026-02-20 03:34:10,add_to_chain,Shure AD4D (ADX1),Shure
2026-02-20 03:34:10,add_to_chain,Shure AD4D (ADX1),Shure
2026-02-20 03:34:10,add_to_chain,Shure AD4D (ADX1),Shure
2026-02-20 03:34:10,add_to_chain,Shure AD4D (ADX1),Shure
2026-02-20 03:34:10,add_to_chain,Shure AD4D (ADX1),Shure
2026-02-20 03:34:10,add_to_chain,Shure AD4D (ADX1),Shure
2026-02-20 03:34:10,add_to_chain,Shure AD4D (ADX1),Shure
2026-02-20 03:34:10,add_to_chain,Shure AD4D (ADX1),Shure
2026-02-20 03:34:10,add_to_chain,Shure AD4D (ADX1),Shure
2026-02-20 03:34:10,add_to_chain,Shure AD4D (ADX1),Shure
2026-02-20 03:34:10,add_to_chain,Shure AD4D (ADX1),Shure
2026-02-20 03:34:10,add_to_chain,Shure AD4D (ADX1),Shure
2026-02-20 03:34:10,add_to_chain,Shure AD4D (ADX1),Shure
2026-02-20 03:34:10,add_to_chain,Shure AD4D (ADX1),Shure
2026-02-20 03:34:10,add_to_chain,Shure AD4D (ADX1),Shure
2026-02-20 03:34:10,add_to_chain,Shure AD4D (ADX1),Shure
2026-02-20 03:34:10,add_to_chain,Shure AD4D (ADX1),Shure
2026-02-20 03:34:10,add_to_chain,Shure AD4D (ADX1),Shure
2026-02-20 03:34:10,add_to_chain,Shure AD4D (ADX1),Shure
2026-02-20 03:34:10,add_to_chain,Shure AD4D (ADX1),Shure
2026-02-20 03:34:10,add_to_chain,Shure AD4D (ADX1),Shure
2026-02-20 03:34:10,add_to_chain,Shure AD4D (ADX1),Shure
2026-02-20 03:34:10,add_to_chain,Shure AD4D (ADX1),Shure
2026-02-20 03:34:10,add_to_chain,Shure AD4D (ADX1),Shure
2026-02-20 03:34:10,add_to_chain,Shure AD4D (ADX1),Shure
2026-02-20 03:34:10,add_to_chain,Shure AD4D (ADX1),Shure
2026-02-20 03:34:10,add_to_chain,Shure AD4D (ADX1),Shure
2026-02-20 03:34:10,add_to_chain,Shure AD4D (ADX1),Shure
2026-02-20 03:34:10,add_to_chain,Shure AD4D (ADX1),Shure
2026-02-20 03:34:10,add_to_chain,Shure AD4D (ADX1),Shure
2026-02-20 03:34:10,add_to_chain,Shure AD4D (ADX1),Shure
2026-02-20 03:34:10,add_to_chain,Shure AD4D (ADX1),Shure
2026-02-20 03:34:10,add_to_chain,Shure AD4D (ADX1),Shure
2026-02-20 03:34:10,add_to_chain,Shure AD4D (ADX1),Shure
2026-02-20 03:34:10,add_to_chain,Shure AD4D (ADX1),Shure
2026-02-20 03:34:10,add_to_chain,Shure AD4D (ADX1),Shure
2026-02-20 03:34:10,add_to_chain,Shure AD4D (ADX1),Shure
2026-02-20 03:34:10,add_to_chain,Shure AD4D (ADX1),Shure
2026-02-20 03:34:10,add_to_chain,Shure AD4D (ADX1),Shure
2026-02-20 03:34:10,add_to_chain,Shure AD4D (ADX1),Shure
2026-02-20 03:34:10,add_to_chain,Shure AD4D (ADX1),Shure
2026-02-20 03:34:10,add_to_chain,Shure AD4D (ADX1),Shure
2026-02-20 03:34:10,add_to_chain,Shure AD4D (ADX1),Shure
2026-02-20 03:34:10,add_to_chain,Shure AD4D (ADX1),Shure
2026-02-20 03:34:10,add_to_chain,Shure AD4D (ADX1),Shure
2026-02-20 03:34:10,add_to_chain,Shure AD4D (ADX1),Shure
2026-02-20 03:34:10,add_to_chain,Shure AD4D (ADX1),Shure
2026-02-20 03:34:10,add_to_chain,Shure AD4D (ADX1),Shure
2026-02-20 03:34:10,add_to_chain,Shure AD4D (ADX1),Shure
2026-02-20 03:34:10,add_to_chain,Shure AD4D (ADX1),Shure
2026-02-20 03:34:10,add_to_chain,Shure AD4D (ADX1),Shure
2026-02-20 03:34:10,add_to_chain,Shure AD4D (ADX1),Shure
2026-02-20 03:34:10,add_to_chain,Shure AD4D (ADX1),Shure
2026-02-20 03:34:10,add_to_chain,Shure AD4D (ADX1),Shure
2026-02-20 03:34:10,add_to_chain,Shure AD4D (ADX1),Shure
2026-02-20 03:34:10,add_to_chain,Shure AD4D (ADX1),Shure
2026-02-20 03:34:10,add_to_chain,Shure AD4D (ADX1),Shure
2026-02-20 03:34:10,add_to_chain,Shure AD4D (ADX1),Shure
2026-02-20 03:34:10,add_to_chain,Shure AD4D (ADX1),Shure
2026-02-20 03:34:10,add_to_chain,Shure AD4D (ADX1),Shure
2026-02-20 03:34:10,add_to_chain,Shure AD4D (ADX1),Shure
2026-02-20 03:34:10,add_to_chain,Shure AD4D (ADX1),Shure
2026-02-20 03:34:10,add_to_chain,Shure AD4D (ADX1),Shure
2026-02-20 03:34:10,add_to_chain,Shure AD4D (ADX1),Shure
2026-02-20 03:34:10,add_to_chain,Shure AD4D (ADX1),Shure
2026-02-20 03:34:10,add_to_chain,Shure AD4D (ADX1),Shure
2026-02-20 03:34:10,add_to_chain,Shure AD4D (ADX1),Shure
2026-02-20 03:34:10,add_to_chain,Shure AD4D (ADX1),Shure
2026-02-20 03:34:10,add_to_chain,Shure AD4D (ADX1),Shure
2026-02-20 03:34:10,add_to_chain,Shure AD4D (ADX1),Shure
2026-02-20 03:34:10,add_to_chain,Shure AD4D (ADX1),Shure
2026-02-20 03:34:10,add_to_chain,Shure AD4D (ADX1),Shure
2026-02-20 03:34:10,add_to_chain,Shure AD4D (ADX1),Shure
2026-02-20 03:34:10,add_to_chain,Shure AD4D (ADX1),Shure
2026-02-20 03:34:10,add_to_chain,Shure AD4D (ADX1),Shure
2026-02-20 03:34:10,add_to_chain,Shure AD4D (ADX1),Shure
2026-02-20 03:34:10,add_to_chain,Shure AD4D (ADX1),Shure
2026-02-20 03:34:10,add_to_chain,Shure AD4D (ADX1),Shure
2026-02-20 03:34:10,add_to_chain,Shure AD4D (ADX1),Shure
2026-02-20 03:34:10,add_to_chain,Shure AD4D (ADX1),Shure

2026-02-20 03:54:30,add_to_chain,Shure AD4D (ADX1),Shure,b7cac77a-b96c-4ce3-a1fa-ba2c6aa7c981
2026-02-20 03:54:34,add_to_chain,Allen & Heath dLive MixRack (High Density),Allen,b7cac77a-b96c-4ce3-a1fa-ba2c6aa7c981
2026-02-20 04:02:11,add_to_chain,Allen & Heath CDM48 (Dante128x128) (96kHz),Allen,b7cac77a-b96c-4ce3-a1fa-ba2c6aa7c981
2026-02-20 04:02:12,add_to_chain,Allen & Heath dLive MixRack (High Density),Allen,b7cac77a-b96c-4ce3-a1fa-ba2c6aa7c981
2026-02-20 04:02:13,add_to_chain,Allen & Heath dLive MixRack (High Density),Allen,b7cac77a-b96c-4ce3-a1fa-ba2c6aa7c981
2026-02-20 04:18:56,add_to_chain,Shure Axient Digital AD4D/AD4Q (High Density),Shure,b7cac77a-b96c-4ce3-a1fa-ba2c6aa7c981
2026-02-20 04:20:44,add_to_chain,Allen & Heath dLive MixRack (High Density),Allen,b7cac77a-b96c-4ce3-a1fa-ba2c6aa7c981
2026-02-20 04:20:48,add_to_chain,DiGiCo S21,DiGiCo,b7cac77a-b96c-4ce3-a1fa-ba2c6aa7c981
2026-02-20 04:20:50,add_to_chain,DiGiCo S21 (Optocore),DiGiCo,b7cac77a-b96c-4ce3-a1fa-ba2c6aa7c981
2026-02-20 04:51:32,add_to_chain,DiGiCo Quantum 112,DiGiCo,b7cac77a-b96c-4ce3-a1fa-ba2c6aa7c981
2026-02-20 04:51:45,add_to_chain,DiGiCo SD‑Rack,DiGiCo,b7cac77a-b96c-4ce3-a1fa-ba2c6aa7c981
2026-02-20 05:04:51,add_to_chain,DiGiCo SD‑Rack,DiGiCo,b7cac77a-b96c-4ce3-a1fa-ba2c6aa7c981
2026-02-20 05:04:52,add_to_chain,DiGiCo SD‑Rack,DiGiCo,b7cac77a-b96c-4ce3-a1fa-ba2c6aa7c981
2026-02-20 05:04:54,add_to_chain,DiGiCo SD‑Rack,DiGiCo,b7cac77a-b96c-4ce3-a1fa-ba2c6aa7c981
2026-02-20 05:20:35,add_to_chain,Shure AD4D (ADX1),Shure,b7cac77a-b96c-4ce3-a1fa-ba2c6aa7c981
2026-02-20 05:45:34,add_to_chain,d&b D80 (High Density),d&b,b7cac77a-b96c-4ce3-a1fa-ba2c6aa7c981
2026-02-20 05:46:30,add_to_chain,d&b D80 (High Density),d&b,b7cac77a-b96c-4ce3-a1fa-ba2c6aa7c981
2026-02-20 17:40:33,add_to_chain,Allen & Heath CDM48 (Dante128x128) (96kHz),Allen,b7cac77a-b96c-4ce3-a1fa-ba2c6aa7c981
2026-02-20 17:40:34,add_to_chain,Allen & Heath CDM48 (Dante128x128) (96kHz),Allen,b7cac77a-b96c-4ce3-a1fa-ba2c6aa7c981
2026-02-20 17:44:01,add_to_chain,Shure AD4D (ADX1),Shure,b7cac77a-b96c-4ce3-a1fa-ba2c6aa7c981
2026-02-20 17:44:04,add_to_chain,Allen & Heath CDM48 (Dante128x128) (96kHz),Allen,b7cac77a-b96c-4ce3-a1fa-ba2c6aa7c981
2026-02-20 17:44:56,add_to_chain,Allen & Heath CDM48 (Dante128x128) (96kHz),Allen,b7cac77a-b96c-4ce3-a1fa-ba2c6aa7c981
2026-02-20 18:29:43,add_to_chain,Allen & Heath CDM48 (Dante128x128) (96kHz),Allen,b7cac77a-b96c-4ce3-a1fa-ba2c6aa7c981
2026-02-20 18:29:44,add_to_chain,DiGiCo SD‑Rack,DiGiCo,b7cac77a-b96c-4ce3-a1fa-ba2c6aa7c981
2026-02-20 18:29:44,add_to_chain,DiGiCo SD‑Rack,DiGiCo,b7cac77a-b96c-4ce3-a1fa-ba2c6aa7c981
2026-02-20 18:29:44,add_to_chain,DiGiCo SD‑Rack,DiGiCo,b7cac77a-b96c-4ce3-a1fa-ba2c6aa7c981
2026-02-20 18:29:45,add_to_chain,Allen & Heath CDM48 (Dante128x128) (96kHz),Allen,b7cac77a-b96c-4ce3-a1fa-ba2c6aa7c981
2026-02-20 18:29:46,add_to_chain,DiGiCo Quantum 112,DiGiCo,b7cac77a-b96c-4ce3-a1fa-ba2c6aa7c981
2026-02-20 18:29:46,add_to_chain,DiGiCo SD‑Rack,DiGiCo,b7cac77a-b96c-4ce3-a1fa-ba2c6aa7c981
2026-02-20 18:29:54,add_to_chain,DiGiCo SD12,DiGiCo,b7cac77a-b96c-4ce3-a1fa-ba2c6aa7c981
2026-02-20 18:30:27,add_to_chain,Sound Devices Astral ARX32 (Long Range),Sound,b7cac77a-b96c-4ce3-a1fa-ba2c6aa7c981
2026-02-20 18:30:29,add_to_chain,Sound Devices Astral ARX32 (Long Range),Sound,b7cac77a-b96c-4ce3-a1fa-ba2c6aa7c981
2026-02-20 18:30:29,add_to_chain,Sound Devices Astral ARX32 (Long Range),Sound,b7cac77a-b96c-4ce3-a1fa-ba2c6aa7c981
2026-02-20 18:30:50,add_to_chain,DiGiCo SD‑Rack,DiGiCo,b7cac77a-b96c-4ce3-a1fa-ba2c6aa7c981
2026-02-20 18:34:41,add_to_chain,DiGiCo SD‑Rack,DiGiCo,b7cac77a-b96c-4ce3-a1fa-ba2c6aa7c981
2026-02-20 18:34:42,add_to_chain,DiGiCo SD‑Rack,DiGiCo,b7cac77a-b96c-4ce3-a1fa-ba2c6aa7c981
2026-02-20 18:34:43,add_to_chain,Sound Devices Astral ARX32 (Long Range),Sound,b7cac77a-b96c-4ce3-a1fa-ba2c6aa7c981
2026-02-20 19:04:10,add_to_chain,Allen & Heath CDM48 (Dante128x128) (96kHz),Allen,b7cac77a-b96c-4ce3-a1fa-ba2c6aa7c981
2026-02-20 19:08:03,add_to_chain,DiGiCo SD12,DiGiCo,b7cac77a-b96c-4ce3-a1fa-ba2c6aa7c981
2026-02-20 19:08:05,add_to_chain,DiGiCo Quantum 338,DiGiCo,b7cac77a-b96c-4ce3-a1fa-ba2c6aa7c981
2026-02-20 19:08:07,add_to_chain,Shure Axient Digital AD4D/AD4Q (High Density),Shure,b7cac77a-b96c-4ce3-a1fa-ba2c6aa7c981
